
INSERT INTO clientes (codigo, nome, telefone, cpf, rg, cnh, data_nascimento, genero)
VALUES (1, 'Beltrano Cunha', '41-988771212', '62739960913', '188051971', '70275808160', '1975/10/12', 'M');
INSERT INTO clientes (codigo, nome, telefone, cpf, rg, cnh, data_nascimento, genero)
VALUES (2, 'Siclano Pereira', '41-34346789', '32497052921', '218337784', '88238322874', '1978/06/20', 'M');
INSERT INTO clientes (codigo, nome, telefone, cpf, rg, cnh, data_nascimento, genero)
VALUES (3, 'Fulano da Silva', '41-989983221', '43215573997', '509515848', '33046091684', '1982/01/25', 'M');
INSERT INTO clientes (codigo, nome, telefone, cpf, rg, cnh, data_nascimento, genero)
VALUES (4, 'Acrópolis da Penha', '41-997970101', '03431490956', '179685958', '94797265782', '1981/12/02', 'M');
INSERT INTO clientes (codigo, nome, telefone, cpf, rg, cnh, data_nascimento, genero)
VALUES (5, 'Mitrus Gonçalves', '41-34560303', '86989197900', '215731931', '84884421547', '1977/11/05', 'M');
INSERT INTO clientes (codigo, nome, telefone, cpf, rg, cnh, data_nascimento, genero)
VALUES (6, 'Bino Alvarenga', '41-988019902', '60327669934', '202155742', '64689298851', '1981/04/12', 'M');
INSERT INTO clientes (codigo, nome, telefone, cpf, rg, cnh, data_nascimento, genero)
VALUES (7, 'Goman da Silva', '41-997790506', '15759172972', '411463093', '01109492080', '1983/07/21', 'M');
INSERT INTO clientes (codigo, nome, telefone, cpf, rg, cnh, data_nascimento, genero)
VALUES (8, 'Sincom Gomes', '41-981125654', '29318053940', '305290423', '95425667551', '1981/09/06', 'M');
INSERT INTO clientes (codigo, nome, telefone, cpf, rg, cnh, data_nascimento, genero)
VALUES (9, 'Beltrana Gomes da Silva', '41-981125654', '36729010916', '290954642', '43921694231', '1979/10/15', 'F');
INSERT INTO clientes (codigo, nome, telefone, cpf, rg, cnh, data_nascimento, genero)
VALUES (10, 'Siclana Pinheiro', '41-32334554', '44949752901', '230467003', '73322739865', '1979/10/15', 'F');
INSERT INTO clientes (codigo, nome, telefone, cpf, rg, cnh, data_nascimento, genero)
VALUES (11, 'Fulana Pedrosa', '41-981125654', '62424476900', '404329998', '74865441330', '1980/12/03', 'F');
INSERT INTO clientes (codigo, nome, telefone, cpf, rg, cnh, data_nascimento, genero)
VALUES (12, 'Duola Andrade', '41-982823421', '62007711036', '407091658', '17319400540', '1978/11/05', 'F');
INSERT INTO clientes (codigo, nome, telefone, cpf, rg, cnh, data_nascimento, genero)
VALUES (13, 'Katrina Munhoz', '41-9991122321', '32064970002', '145517524', '09748505944', '1980/09/27', 'F');
INSERT INTO clientes (codigo, nome, telefone, cpf, rg, cnh, data_nascimento, genero)
VALUES (14, 'Vaz Castro', '41-32245544', '33454270014', '279948347', '01237474980', '1981/04/28', 'F');
INSERT INTO clientes (codigo, nome, telefone, cpf, rg, cnh, data_nascimento, genero)
VALUES (15, 'Suli Mascarenhas', '41-32510022', '50754521087', '457390943', '28617032130', '1975/11/10', 'F');


INSERT INTO funcionarios (codigo, nome, telefone, cpf, rg, data_nascimento, genero)
VALUES (1, 'Aspu Cantonegro', '41-987980909', '09521012978', '111447343', '1986/02/17', 'M');
INSERT INTO funcionarios (codigo, nome, telefone, cpf, rg, data_nascimento, genero)
VALUES (2, 'Zidu da Penha', '41-987012334', '07426206971', '315231646', '1984/11/09', 'M');
INSERT INTO funcionarios (codigo, nome, telefone, cpf, rg, data_nascimento, genero)
VALUES (3, 'Mabin Martines', '41-32450101', '86819565909', '153360021', '1978/05/30', 'M');
INSERT INTO funcionarios (codigo, nome, telefone, cpf, rg, data_nascimento, genero)
VALUES (4, 'Ducan Américo', '41-34018978', '70054459966', '395568092', '1981/12/05', 'M');
INSERT INTO funcionarios (codigo, nome, telefone, cpf, rg, data_nascimento, genero)
VALUES (5, 'Dufer da Silva', '41-991015667', '72287845968', '333768371', '1985/01/28', 'M');
INSERT INTO funcionarios (codigo, nome, telefone, cpf, rg, data_nascimento, genero)
VALUES (6, 'Luvia Pereira', '41-988204532', '53639733916', '345269251', '1988/08/09', 'F');
INSERT INTO funcionarios (codigo, nome, telefone, cpf, rg, data_nascimento, genero)
VALUES (7, 'Nilza Castro', '41-985670230', '68820969963', '136065958', '1990/12/23', 'F');
INSERT INTO funcionarios (codigo, nome, telefone, cpf, rg, data_nascimento, genero)
VALUES (8, 'Vanilda Alves', '41-32890120', '46629514963', '375514156', '1989/03/30', 'F');


INSERT INTO veiculos (codigo, marca, modelo, portas, passageiros, placa, valor_diaria, status)
VALUES (1, 'Volkswagen', 'Up', 2, 4, 'ANC6545', 84.95, 'disponivel');
INSERT INTO veiculos (codigo, marca, modelo, portas, passageiros, placa, valor_diaria, status)
VALUES (2, 'Fiat', 'Mobi', 4, 5, 'AWD2578', 85.00, 'disponivel');
INSERT INTO veiculos (codigo, marca, modelo, portas, passageiros, placa, valor_diaria, status)
VALUES (3, 'Volkswagen', 'Gol', 2, 5, 'BBU3031', 85.00, 'locado');
INSERT INTO veiculos (codigo, marca, modelo, portas, passageiros, placa, valor_diaria, status)
VALUES (4, 'Chevrolet', 'Onix', 4, 5, 'AQH9202', 98.83, 'manutencao');
INSERT INTO veiculos (codigo, marca, modelo, portas, passageiros, placa, valor_diaria, status)
VALUES (5, 'Hyundai', 'HB20', 4, 5, 'AAV4081', 122.00, 'disponivel');
INSERT INTO veiculos (codigo, marca, modelo, portas, passageiros, placa, valor_diaria, status)
VALUES (6, 'Jeep', 'Renegade', 4, 5, 'AKY6513', 126.40, 'locado');
INSERT INTO veiculos (codigo, marca, modelo, portas, passageiros, placa, valor_diaria, status)
VALUES (7, 'Hyundai', 'HB20S', 4, 5, 'AIM4265', 127.80, 'disponivel');
INSERT INTO veiculos (codigo, marca, modelo, portas, passageiros, placa, valor_diaria, status)
VALUES (8, 'Chevrolet', 'Prisma', 4, 5, 'ARN2298', 131.65, 'manutencao');
INSERT INTO veiculos (codigo, marca, modelo, portas, passageiros, placa, valor_diaria, status)
VALUES (9, 'Ford', 'Ka', 4, 5, 'AHP5784', 137.60, 'locado');
INSERT INTO veiculos (codigo, marca, modelo, portas, passageiros, placa, valor_diaria, status)
VALUES (10, 'Renault', 'Kwid', 4, 5, 'AXY6504', 142.96, 'locado');
INSERT INTO veiculos (codigo, marca, modelo, portas, passageiros, placa, valor_diaria, status)
VALUES (11, 'Renault', 'Sandero', 4, 5, 'ASK8375', 155.56, 'disponivel');
INSERT INTO veiculos (codigo, marca, modelo, portas, passageiros, placa, valor_diaria, status)
VALUES (12, 'Fiat', 'Strada', 2, 2, 'ADE0471', 166.00, 'disponivel');
INSERT INTO veiculos (codigo, marca, modelo, portas, passageiros, placa, valor_diaria, status)
VALUES (13, 'Fiat', 'Fiorino', 2, 2, 'AQA9166', 166.30, 'disponivel');
INSERT INTO veiculos (codigo, marca, modelo, portas, passageiros, placa, valor_diaria, status)
VALUES (14, 'Fiat', 'Doblo', 4, 7, 'AXM4543', 173.99, 'disponivel');
INSERT INTO veiculos (codigo, marca, modelo, portas, passageiros, placa, valor_diaria, status)
VALUES (15, 'Toyota', 'Corolla', 4, 5, 'AJZ9489', 227.86, 'disponivel');


INSERT INTO locacoes (codigo, datahora_contrato, datahora_retirada, datahora_devolucao, codigo_funcionario, codigo_cliente, valor_locacao)
VALUES (1, '2020-12-02 10:14:50', '2020-12-02 14:00:00', '2020-12-04 14:00:00', 1, 1, 169.90);
INSERT INTO locacoes_veiculos (codigo_locacao, codigo_veiculo) VALUES (1, 1);

INSERT INTO locacoes (codigo, datahora_contrato, datahora_retirada, datahora_devolucao, codigo_funcionario, codigo_cliente, valor_locacao)
VALUES (2, '2020-12-02 10:42:13', '2020-12-02 12:00:00', '2020-12-05 12:00:00', 1, 2, 255.00);
INSERT INTO locacoes_veiculos (codigo_locacao, codigo_veiculo) VALUES (2, 2);

INSERT INTO locacoes (codigo, datahora_contrato, datahora_retirada, datahora_devolucao, codigo_funcionario, codigo_cliente, valor_locacao)
VALUES (3, '2020-12-02 14:30:20', '2020-12-02 18:00:00', '2020-12-04 18:00:00', 1, 3, 170.00);
INSERT INTO locacoes_veiculos (codigo_locacao, codigo_veiculo) VALUES (3, 3);

INSERT INTO locacoes (codigo, datahora_contrato, datahora_retirada, datahora_devolucao, codigo_funcionario, codigo_cliente, valor_locacao)
VALUES (4, '2020-12-03 09:15:00', '2020-12-03 12:00:00', '2020-12-07 12:00:00', 2, 4, 395.32);
INSERT INTO locacoes_veiculos (codigo_locacao, codigo_veiculo) VALUES (4, 4);

INSERT INTO locacoes (codigo, datahora_contrato, datahora_retirada, datahora_devolucao, codigo_funcionario, codigo_cliente, valor_locacao)
VALUES (5, '2020-12-03 10:05:50', '2020-12-03 14:00:00', '2020-12-05 14:00:00', 2, 5, 244.00);
INSERT INTO locacoes_veiculos (codigo_locacao, codigo_veiculo) VALUES (5, 5);

INSERT INTO locacoes (codigo, datahora_contrato, datahora_retirada, datahora_devolucao, codigo_funcionario, codigo_cliente, valor_locacao)
VALUES (6, '2020-12-05 09:42:00', '2020-12-05 13:30:00', '2020-12-08 13:30:00', 3, 6, 254.85);
INSERT INTO locacoes_veiculos (codigo_locacao, codigo_veiculo) VALUES (6, 1);

INSERT INTO locacoes (codigo, datahora_contrato, datahora_retirada, datahora_devolucao, codigo_funcionario, codigo_cliente, valor_locacao)
VALUES (7, '2020-12-08 09:10:00', '2020-12-08 12:00:00', '2020-12-09 12:00:00', 3, 7, 85.00);
INSERT INTO locacoes_veiculos (codigo_locacao, codigo_veiculo) VALUES (7, 2);

INSERT INTO locacoes (codigo, datahora_contrato, datahora_retirada, datahora_devolucao, codigo_funcionario, codigo_cliente, valor_locacao)
VALUES (8, '2020-12-08 09:34:30', '2020-12-08 16:00:00', '2020-12-10 16:00:00', 1, 8, 170);
INSERT INTO locacoes_veiculos (codigo_locacao, codigo_veiculo) VALUES (8, 3);

INSERT INTO locacoes (codigo, datahora_contrato, datahora_retirada, datahora_devolucao, codigo_funcionario, codigo_cliente, valor_locacao)
VALUES (9, '2020-12-08 11:17:53', '2020-12-08 17:00:00', '2020-12-11 17:00:00', 2, 9, 379.20);
INSERT INTO locacoes_veiculos (codigo_locacao, codigo_veiculo) VALUES (9, 6);

INSERT INTO locacoes (codigo, datahora_contrato, datahora_retirada, datahora_devolucao, codigo_funcionario, codigo_cliente, valor_locacao)
VALUES (10, '2020-12-09 14:10:05', '2020-12-09 18:00:00', '2020-12-12 18:00:00', 3, 10, 296.49);
INSERT INTO locacoes_veiculos (codigo_locacao, codigo_veiculo) VALUES (10, 4);

INSERT INTO locacoes (codigo, datahora_contrato, datahora_retirada, datahora_devolucao, codigo_funcionario, codigo_cliente, valor_locacao)
VALUES (11, '2020-12-15 09:25:05', '2020-12-15 12:00:00', '2020-12-20 12:00:00', 1, 11, 632.00);
INSERT INTO locacoes_veiculos (codigo_locacao, codigo_veiculo) VALUES (11, 6);

INSERT INTO locacoes (codigo, datahora_contrato, datahora_retirada, datahora_devolucao, codigo_funcionario, codigo_cliente, valor_locacao)
VALUES (12, '2020-12-15 09:50:00', '2020-12-15 13:00:00', '2020-12-18 13:00:00', 2, 12, 255.00);
INSERT INTO locacoes_veiculos (codigo_locacao, codigo_veiculo) VALUES (12, 3);

INSERT INTO locacoes (codigo, datahora_contrato, datahora_retirada, datahora_devolucao, codigo_funcionario, codigo_cliente, valor_locacao)
VALUES (13, '2020-12-17 09:10:00', '2020-12-17 14:30:00', '2020-12-19 14:30:00', 1, 1, 255.60);
INSERT INTO locacoes_veiculos (codigo_locacao, codigo_veiculo) VALUES (13, 7);

INSERT INTO locacoes (codigo, datahora_contrato, datahora_retirada, datahora_devolucao, codigo_funcionario, codigo_cliente, valor_locacao)
VALUES (14, '2020-12-17 10:25:00', '2020-12-17 12:00:00', '2020-12-20 12:00:00', 3, 2, 394.95);
INSERT INTO locacoes_veiculos (codigo_locacao, codigo_veiculo) VALUES (14, 8);

INSERT INTO locacoes (codigo, datahora_contrato, datahora_retirada, datahora_devolucao, codigo_funcionario, codigo_cliente, valor_locacao)
VALUES (15, '2020-12-22 14:00:00', '2020-12-22 18:00:00', '2020-12-26 18:00:00', 2, 5, 340.00);
INSERT INTO locacoes_veiculos (codigo_locacao, codigo_veiculo) VALUES (15, 2);

INSERT INTO locacoes (codigo, datahora_contrato, datahora_retirada, datahora_devolucao, codigo_funcionario, codigo_cliente, valor_locacao)
VALUES (16, '2020-12-22 14:35:00', '2020-12-22 18:00:00', '2020-12-24 18:00:00', 1, 6, 197.66);
INSERT INTO locacoes_veiculos (codigo_locacao, codigo_veiculo) VALUES (16, 4);

INSERT INTO locacoes (codigo, datahora_contrato, datahora_retirada, datahora_devolucao, codigo_funcionario, codigo_cliente, valor_locacao)
VALUES (17, '2021-01-04 09:10:00', '2021-01-04 12:00:00', '2021-01-08 12:00:00', 3, 7, 511.20);
INSERT INTO locacoes_veiculos (codigo_locacao, codigo_veiculo) VALUES (17, 7);

INSERT INTO locacoes (codigo, datahora_contrato, datahora_retirada, datahora_devolucao, codigo_funcionario, codigo_cliente, valor_locacao)
VALUES (18, '2021-01-04 10:40:00', '2021-01-04 14:00:00', '2021-01-10 14:00:00', 2, 8, 610.00);
INSERT INTO locacoes_veiculos (codigo_locacao, codigo_veiculo) VALUES (18, 5);

INSERT INTO locacoes (codigo, datahora_contrato, datahora_retirada, datahora_devolucao, codigo_funcionario, codigo_cliente, valor_locacao)
VALUES (19, '2021-01-05 09:20:00', '2021-01-05 12:00:00', '2021-01-08 12:00:00', 1, 2, 379.20);
INSERT INTO locacoes_veiculos (codigo_locacao, codigo_veiculo) VALUES (19, 6);

INSERT INTO locacoes (codigo, datahora_contrato, datahora_retirada, datahora_devolucao, codigo_funcionario, codigo_cliente, valor_locacao)
VALUES (20, '2021-01-05 10:15:00', '2021-01-05 12:00:00', '2021-01-10 12:00:00', 3, 3, 424.75);
INSERT INTO locacoes_veiculos (codigo_locacao, codigo_veiculo) VALUES (20, 1);

